image,label,x,y,width,height
outdoor4_frame(19).png,1,0.17578125,0.6041666666666666,0.04921875,0.09
outdoor4_frame(19).png,2,0.17838541666666666,0.5601851851851852,0.022,0.09
