image,label,x,y,width,height
outdoor4_frame(21).png,2,0.22786458333333334,0.5638888888888889,0.030989583333333334,0.13333333333333333
outdoor4_frame(21).png,1,0.23,0.62,0.05,0.14
