image,label,x,y,width,height
outdoor1_frame(6).png,2,0.19166666666666668,0.5662037037037037,0.029947916666666668,0.12453703703703704
outdoor1_frame(6).png,1,0.19609375,0.62,0.0421875,0.12
