image,label,x,y,width,height
outdoor3_frame(23).png,1,0.6682291666666667,0.55,0.01171875,0.035
outdoor3_frame(23).png,2,0.6682291666666667,0.535,0.011,0.04