image,label,x,y,width,height
outdoor4_frame(17).png,1,0.31666666666666665,0.575,0.042708333333333334,0.064
outdoor4_frame(17).png,2,0.31744791666666666,0.5509259259259259,0.015,0.053
