image,label,x,y,width,height
outdoor4_frame(24).png,1,0.5854166666666667,0.6388888888888888,0.10651041666666666,0.16
outdoor4_frame(24).png,2,0.5901041666666667,0.5814814814814815,0.03359375,0.15
