image,label,x,y,width,height
outdoor4_frame(30).png,1,0.6067708333333334,0.57,0.035416666666666666,0.07
outdoor4_frame(30).png,2,0.60234375,0.5449074074074074,0.017,0.07
