image,label,x,y,width,height
outdoor1_frame(20).png,1,0.5380208333333333,0.5537037037037037,0.0140625,0.03333333333333333
outdoor1_frame(20).png,2,0.54,0.5356481481481481,0.009895833333333333,0.033796296296296297
