image,label,x,y,width,height
outdoor1_frame(14).png,1,0.475,0.5634259259259259,0.020833333333333332,0.03425925925925926
outdoor1_frame(14).png,2,0.479,0.54,0.0095,0.038
