image,label,x,y,width,height
outdoor4_frame(23).png,1,0.44765625,0.6356481481481482,0.122,0.16
outdoor4_frame(23).png,2,0.4479166666666667,0.5662037037037037,0.022916666666666665,0.14583333333333334
