image,label,x,y,width,height
outdoor1_frame(8).png,2,0.217,0.5569444444444445,0.021354166666666667,0.08287037037037037
outdoor1_frame(8).png,1,0.20286458333333332,0.5949074074074074,0.05520833333333333,0.08101851851851852
