image,label,x,y,width,height
outdoor4_frame(28).png,2,0.6817708333333333,0.5458333333333333,0.022395833333333334,0.08425925925925926
outdoor4_frame(28).png,1,0.68515625,0.5851851851851851,0.04739583333333333,0.08333333333333333
