image,label,x,y,width,height
outdoor1_frame(3).png,1,0.45755208333333336,0.64,0.12317708333333334,0.175
outdoor1_frame(3).png,2,0.4466145833333333,0.5726851851851852,0.03359375,0.16574074074074074
