image,label,x,y,width,height
outdoor3_frame(26).png,1,0.6502604166666667,0.55,0.012,0.047
outdoor3_frame(26).png,2,0.65,0.5337962962962963,0.012,0.042
