image,label,x,y,width,height
outdoor3_frame(2).png,1,0.76953125,0.56,0.025,0.05
outdoor3_frame(2).png,2,0.771,0.535,0.015625,0.04953703703703704
