image,label,x,y,width,height
outdoor1_frame(13).png,2,0.455,0.54,0.0109375,0.043055555555555555
outdoor1_frame(13).png,1,0.45078125,0.5657407407407408,0.02109375,0.040740740740740744
