image,label,x,y,width,height
outdoor1_frame(16).png,1,0.5145833333333333,0.5587962962962963,0.016666666666666666,0.034722222222222224
outdoor1_frame(16).png,2,0.517,0.537962962962963,0.01,0.034
