image,label,x,y,width,height
outdoor1_frame(15).png,2,0.5,0.5388888888888889,0.011979166666666667,0.03796296296296296
outdoor1_frame(15).png,1,0.49895833333333334,0.553,0.02109375,0.045
