image,label,x,y,width,height
outdoor3_frame(22).png,1,0.67578125,0.549074074074074,0.012760416666666666,0.03287037037037037
outdoor3_frame(22).png,2,0.675,0.5305555555555556,0.008333333333333333,0.03194444444444444
