image,label,x,y,width,height
outdoor1_frame(2).png,1,0.6184895833333334,0.651,0.14791666666666667,0.175
outdoor1_frame(2).png,2,0.6072916666666667,0.5800925925925926,0.02578125,0.16898148148148148
