image,label,x,y,width,height
outdoor3_frame(1).png,1,0.7325520833333333,0.5652777777777778,0.0375,0.056018518518518516
outdoor3_frame(1).png,2,0.7348958333333333,0.5356481481481481,0.013802083333333333,0.05925925925925926
