image,label,x,y,width,height
outdoor1_frame(10).png,1,0.324,0.5810185185185185,0.05,0.07
outdoor1_frame(10).png,2,0.33,0.549537037037037,0.017,0.06157407407407407
