image,label,x,y,width,height
outdoor1_frame(1).png,1,0.7033854166666667,0.62,0.06,0.153
outdoor1_frame(1).png,2,0.7002604166666667,0.5634259259259259,0.04,0.14027777777777778
