image,label,x,y,width,height
outdoor4_frame(13).png,1,0.5125,0.5574074074074075,0.020052083333333335,0.038
outdoor4_frame(13).png,2,0.5133,0.54,0.011,0.038