image,label,x,y,width,height
outdoor1_frame(12).png,2,0.42,0.5453703703703704,0.013,0.05
outdoor1_frame(12).png,1,0.4161458333333333,0.5703703703703704,0.02578125,0.05
