image,label,x,y,width,height
outdoor1_frame(7).png,2,0.185,0.555,0.026302083333333334,0.09
outdoor1_frame(7).png,1,0.184375,0.61,0.028645833333333332,0.12
