image,label,x,y,width,height
outdoor1_frame(17).png,1,0.5213541666666667,0.5560185185185185,0.013802083333333333,0.03611111111111111
outdoor1_frame(17).png,2,0.521875,0.5361111111111111,0.0078125,0.03287037037037037
