image,label,x,y,width,height
outdoor4_frame(22).png,1,0.31875,0.6333333333333333,0.1,0.14
outdoor4_frame(22).png,2,0.3229166666666667,0.5745370370370371,0.02578125,0.13564814814814816
