image,label,x,y,width,height
outdoor4_frame(25).png,2,0.68203125,0.5527777777777778,0.04348958333333333,0.1337962962962963
outdoor4_frame(25).png,1,0.67578125,0.6180555555555556,0.06432291666666666,0.14212962962962963
