image,label,x,y,width,height
outdoor4_frame(29).png,2,0.6385416666666667,0.547,0.018,0.075
outdoor4_frame(29).png,1,0.6453125,0.577,0.0421875,0.08
