image,label,x,y,width,height
outdoor3_frame(27).png,1,0.65,0.55,0.014322916666666666,0.05
outdoor3_frame(27).png,2,0.64921875,0.5333333333333333,0.012,0.04
