image,label,x,y,width,height
outdoor1_frame(19).png,1,0.5302083333333333,0.5532407407407407,0.016145833333333335,0.03425925925925926
outdoor1_frame(19).png,2,0.5335,0.5337962962962963,0.009895833333333333,0.033796296296296297
