image,label,x,y,width,height
outdoor4_frame(16).png,1,0.3802083333333333,0.5694444444444444,0.035,0.05
outdoor4_frame(16).png,2,0.3802083333333333,0.55,0.018,0.057