image,label,x,y,width,height
outdoor4_frame(12).png,1,0.54453125,0.5504629629629629,0.02,0.036
outdoor4_frame(12).png,2,0.54453125,0.5325,0.012,0.036