image,label,x,y,width,height
outdoor1_frame(4).png,1,0.32864583333333336,0.6416666666666667,0.09791666666666667,0.14
outdoor1_frame(4).png,2,0.31588541666666664,0.5736111111111111,0.03333333333333333,0.13842592592592592
