image,label,x,y,width,height
outdoor4_frame(27).png,2,0.7119791666666667,0.5537037037037037,0.025260416666666667,0.096
outdoor4_frame(27).png,1,0.7169270833333333,0.5939814814814814,0.045572916666666664,0.09861111111111111
