image,label,x,y,width,height
outdoor1_frame(18).png,1,0.5263020833333333,0.5560185185185185,0.010416666666666666,0.03194444444444444
outdoor1_frame(18).png,2,0.5265,0.5388888888888889,0.008333333333333333,0.038
