image,label,x,y,width,height
outdoor1_frame(9).png,1,0.2598958333333333,0.5847222222222223,0.052,0.07
outdoor1_frame(9).png,2,0.27,0.5550925925925926,0.018,0.065
