image,label,x,y,width,height
outdoor3_frame(20).png,1,0.695,0.5425925925925926,0.0156,0.02964
outdoor3_frame(20).png,2,0.695,0.533,0.009,0.024
