image,label,x,y,width,height
outdoor4_frame(26).png,2,0.72,0.5625,0.03307291666666667,0.1111111111111111
outdoor4_frame(26).png,1,0.72,0.6143518518518518,0.029427083333333333,0.11203703703703703
