image,label,x,y,width,height
outdoor4_frame(14).png,1,0.4785,0.5583333333333333,0.0245,0.043
outdoor4_frame(14).png,2,0.475,0.537962962962963,0.009635416666666667,0.034722222222222224
