image,label,x,y,width,height
outdoor3_frame(25).png,1,0.6536458333333334,0.55,0.012239583333333333,0.042
outdoor3_frame(25).png,2,0.6528645833333333,0.5333333333333333,0.011,0.03611111111111111
