image,label,x,y,width,height
outdoor4_frame(20).png,1,0.15182291666666667,0.6212962962962963,0.048,0.11
outdoor4_frame(20).png,2,0.15416666666666667,0.5814814814814815,0.03,0.125
