image,label,x,y,width,height
outdoor1_frame(5).png,2,0.23697916666666666,0.5611111111111111,0.03307291666666667,0.12638888888888888
outdoor1_frame(5).png,1,0.243,0.622,0.06,0.125
