image,label,x,y,width,height
outdoor3_frame(24).png,1,0.6598958333333333,0.552,0.01328125,0.036
outdoor3_frame(24).png,2,0.6596354166666667,0.5342592592592592,0.012,0.034
