image,label,x,y,width,height
outdoor4_frame(18).png,1,0.248,0.5888888888888889,0.049479166666666664,0.066
outdoor4_frame(18).png,2,0.24348958333333334,0.56,0.016,0.07
